country,year_month,txn_count,flagged_count,pct_flagged,mad,verdict
Australia,2009-12,14,4,28.57,,INSUFFICIENT_DATA
Australia,2010-02,33,11,33.33,,INSUFFICIENT_DATA
Australia,2010-03,19,5,26.32,,INSUFFICIENT_DATA
Australia,2010-04,17,8,47.06,,INSUFFICIENT_DATA
Australia,2010-05,59,14,23.73,,INSUFFICIENT_DATA
Australia,2010-06,113,42,37.17,,INSUFFICIENT_DATA
Australia,2010-07,18,7,38.89,,INSUFFICIENT_DATA
Australia,2010-08,7,2,28.57,,INSUFFICIENT_DATA
Australia,2010-09,21,14,66.67,,INSUFFICIENT_DATA
Australia,2010-10,142,28,19.72,,INSUFFICIENT_DATA
Australia,2010-11,176,92,52.27,,INSUFFICIENT_DATA
Australia,2010-12,33,17,51.52,,INSUFFICIENT_DATA
Australia,2011-01,128,62,48.44,,INSUFFICIENT_DATA
Australia,2011-02,94,68,72.34,,INSUFFICIENT_DATA
Australia,2011-03,110,70,63.64,,INSUFFICIENT_DATA
Australia,2011-04,18,8,44.44,,INSUFFICIENT_DATA
Australia,2011-05,118,66,55.93,,INSUFFICIENT_DATA
Australia,2011-06,169,112,66.27,,INSUFFICIENT_DATA
Australia,2011-07,167,37,22.16,,INSUFFICIENT_DATA
Australia,2011-08,114,83,72.81,,INSUFFICIENT_DATA
Australia,2011-09,104,32,30.77,,INSUFFICIENT_DATA
Australia,2011-10,120,76,63.33,,INSUFFICIENT_DATA
Australia,2011-11,43,30,69.77,,INSUFFICIENT_DATA
Austria,2009-12,39,16,41.03,,INSUFFICIENT_DATA
Austria,2010-02,58,9,15.52,,INSUFFICIENT_DATA
Austria,2010-03,37,11,29.73,,INSUFFICIENT_DATA
Austria,2010-04,40,29,72.5,,INSUFFICIENT_DATA
Austria,2010-05,34,6,17.65,,INSUFFICIENT_DATA
Austria,2010-06,18,6,33.33,,INSUFFICIENT_DATA
Austria,2010-08,63,17,26.98,,INSUFFICIENT_DATA
Austria,2010-09,100,18,18.0,,INSUFFICIENT_DATA
Austria,2010-10,33,18,54.55,,INSUFFICIENT_DATA
Austria,2010-11,118,40,33.9,,INSUFFICIENT_DATA
Austria,2010-12,8,4,50.0,,INSUFFICIENT_DATA
Austria,2011-02,21,7,33.33,,INSUFFICIENT_DATA
Austria,2011-03,18,10,55.56,,INSUFFICIENT_DATA
Austria,2011-04,26,11,42.31,,INSUFFICIENT_DATA
Austria,2011-05,53,9,16.98,,INSUFFICIENT_DATA
Austria,2011-07,56,14,25.0,,INSUFFICIENT_DATA
Austria,2011-08,89,22,24.72,,INSUFFICIENT_DATA
Austria,2011-10,56,10,17.86,,INSUFFICIENT_DATA
Austria,2011-11,73,14,19.18,,INSUFFICIENT_DATA
Austria,2011-12,7,5,71.43,,INSUFFICIENT_DATA
Bahrain,2010-02,29,8,27.59,,INSUFFICIENT_DATA
Bahrain,2010-03,15,5,33.33,,INSUFFICIENT_DATA
Bahrain,2010-05,27,10,37.04,,INSUFFICIENT_DATA
Bahrain,2010-06,15,11,73.33,,INSUFFICIENT_DATA
Bahrain,2010-10,21,7,33.33,,INSUFFICIENT_DATA
Bahrain,2010-12,1,0,0.0,,INSUFFICIENT_DATA
Bahrain,2011-05,17,3,17.65,,INSUFFICIENT_DATA
Belgium,2009-12,20,5,25.0,,INSUFFICIENT_DATA
Belgium,2010-01,94,19,20.21,,INSUFFICIENT_DATA
Belgium,2010-02,63,17,26.98,,INSUFFICIENT_DATA
Belgium,2010-03,47,9,19.15,,INSUFFICIENT_DATA
Belgium,2010-04,116,30,25.86,,INSUFFICIENT_DATA
Belgium,2010-05,6,1,16.67,,INSUFFICIENT_DATA
Belgium,2010-06,139,52,37.41,,INSUFFICIENT_DATA
Belgium,2010-07,105,25,23.81,,INSUFFICIENT_DATA
Belgium,2010-08,81,16,19.75,,INSUFFICIENT_DATA
Belgium,2010-09,66,18,27.27,,INSUFFICIENT_DATA
Belgium,2010-10,83,22,26.51,,INSUFFICIENT_DATA
Belgium,2010-11,225,58,25.78,,INSUFFICIENT_DATA
Belgium,2010-12,96,25,26.04,,INSUFFICIENT_DATA
Belgium,2011-01,59,14,23.73,,INSUFFICIENT_DATA
Belgium,2011-02,120,34,28.33,,INSUFFICIENT_DATA
Belgium,2011-03,164,44,26.83,,INSUFFICIENT_DATA
Belgium,2011-04,119,24,20.17,,INSUFFICIENT_DATA
Belgium,2011-05,147,42,28.57,,INSUFFICIENT_DATA
Belgium,2011-06,233,72,30.9,,INSUFFICIENT_DATA
Belgium,2011-07,131,26,19.85,,INSUFFICIENT_DATA
Belgium,2011-08,197,61,30.96,,INSUFFICIENT_DATA
Belgium,2011-09,188,45,23.94,,INSUFFICIENT_DATA
Belgium,2011-10,269,72,26.77,,INSUFFICIENT_DATA
Belgium,2011-11,249,82,32.93,,INSUFFICIENT_DATA
Belgium,2011-12,96,15,15.62,,INSUFFICIENT_DATA
Bermuda,2010-03,34,12,35.29,,INSUFFICIENT_DATA
Brazil,2010-09,63,6,9.52,,INSUFFICIENT_DATA
Brazil,2011-04,32,12,37.5,,INSUFFICIENT_DATA
Canada,2010-10,51,9,17.65,,INSUFFICIENT_DATA
Canada,2010-11,27,8,29.63,,INSUFFICIENT_DATA
Canada,2011-03,10,1,10.0,,INSUFFICIENT_DATA
Canada,2011-05,1,1,100.0,,INSUFFICIENT_DATA
Canada,2011-06,57,16,28.07,,INSUFFICIENT_DATA
Canada,2011-07,78,12,15.38,,INSUFFICIENT_DATA
Canada,2011-08,5,2,40.0,,INSUFFICIENT_DATA
Channel Islands,2009-12,39,11,28.21,,INSUFFICIENT_DATA
Channel Islands,2010-01,27,6,22.22,,INSUFFICIENT_DATA
Channel Islands,2010-03,16,1,6.25,,INSUFFICIENT_DATA
Channel Islands,2010-04,52,14,26.92,,INSUFFICIENT_DATA
Channel Islands,2010-05,217,51,23.5,,INSUFFICIENT_DATA
Channel Islands,2010-06,6,6,100.0,,INSUFFICIENT_DATA
Channel Islands,2010-08,53,11,20.75,,INSUFFICIENT_DATA
Channel Islands,2010-09,202,70,34.65,,INSUFFICIENT_DATA
Channel Islands,2010-10,105,39,37.14,,INSUFFICIENT_DATA
Channel Islands,2010-11,100,27,27.0,,INSUFFICIENT_DATA
Channel Islands,2010-12,17,3,17.65,,INSUFFICIENT_DATA
Channel Islands,2011-01,33,10,30.3,,INSUFFICIENT_DATA
Channel Islands,2011-02,10,10,100.0,,INSUFFICIENT_DATA
Channel Islands,2011-03,185,34,18.38,,INSUFFICIENT_DATA
Channel Islands,2011-04,10,4,40.0,,INSUFFICIENT_DATA
Channel Islands,2011-05,34,15,44.12,,INSUFFICIENT_DATA
Channel Islands,2011-06,82,20,24.39,,INSUFFICIENT_DATA
Channel Islands,2011-08,140,28,20.0,,INSUFFICIENT_DATA
Channel Islands,2011-09,71,21,29.58,,INSUFFICIENT_DATA
Channel Islands,2011-10,102,34,33.33,,INSUFFICIENT_DATA
Channel Islands,2011-11,74,19,25.68,,INSUFFICIENT_DATA
Channel Islands,2011-12,5,3,60.0,,INSUFFICIENT_DATA
Cyprus,2009-12,194,48,24.74,,INSUFFICIENT_DATA
Cyprus,2010-01,4,0,0.0,,INSUFFICIENT_DATA
Cyprus,2010-02,50,9,18.0,,INSUFFICIENT_DATA
Cyprus,2010-03,65,28,43.08,,INSUFFICIENT_DATA
Cyprus,2010-04,49,11,22.45,,INSUFFICIENT_DATA
Cyprus,2010-05,18,3,16.67,,INSUFFICIENT_DATA
Cyprus,2010-06,21,10,47.62,,INSUFFICIENT_DATA
Cyprus,2010-09,105,18,17.14,,INSUFFICIENT_DATA
Cyprus,2010-10,31,7,22.58,,INSUFFICIENT_DATA
Cyprus,2010-11,4,3,75.0,,INSUFFICIENT_DATA
Cyprus,2010-12,84,16,19.05,,INSUFFICIENT_DATA
Cyprus,2011-01,16,7,43.75,,INSUFFICIENT_DATA
Cyprus,2011-02,157,53,33.76,,INSUFFICIENT_DATA
Cyprus,2011-03,48,19,39.58,,INSUFFICIENT_DATA
Cyprus,2011-06,48,10,20.83,,INSUFFICIENT_DATA
Cyprus,2011-09,1,1,100.0,,INSUFFICIENT_DATA
Cyprus,2011-10,161,46,28.57,,INSUFFICIENT_DATA
Cyprus,2011-11,93,6,6.45,,INSUFFICIENT_DATA
Czech Republic,2011-02,16,8,50.0,,INSUFFICIENT_DATA
Czech Republic,2011-10,11,4,36.36,,INSUFFICIENT_DATA
Denmark,2009-12,8,4,50.0,,INSUFFICIENT_DATA
Denmark,2010-01,40,22,55.0,,INSUFFICIENT_DATA
Denmark,2010-02,31,29,93.55,,INSUFFICIENT_DATA
Denmark,2010-03,25,18,72.0,,INSUFFICIENT_DATA
Denmark,2010-04,10,6,60.0,,INSUFFICIENT_DATA
Denmark,2010-06,88,32,36.36,,INSUFFICIENT_DATA
Denmark,2010-07,4,4,100.0,,INSUFFICIENT_DATA
Denmark,2010-08,75,26,34.67,,INSUFFICIENT_DATA
Denmark,2010-09,40,30,75.0,,INSUFFICIENT_DATA
Denmark,2010-10,18,4,22.22,,INSUFFICIENT_DATA
Denmark,2010-11,64,42,65.62,,INSUFFICIENT_DATA
Denmark,2010-12,20,14,70.0,,INSUFFICIENT_DATA
Denmark,2011-02,20,6,30.0,,INSUFFICIENT_DATA
Denmark,2011-03,20,18,90.0,,INSUFFICIENT_DATA
Denmark,2011-05,19,5,26.32,,INSUFFICIENT_DATA
Denmark,2011-06,107,43,40.19,,INSUFFICIENT_DATA
Denmark,2011-07,17,7,41.18,,INSUFFICIENT_DATA
Denmark,2011-08,16,1,6.25,,INSUFFICIENT_DATA
Denmark,2011-09,46,25,54.35,,INSUFFICIENT_DATA
Denmark,2011-10,23,7,30.43,,INSUFFICIENT_DATA
Denmark,2011-11,83,33,39.76,,INSUFFICIENT_DATA
Denmark,2011-12,11,2,18.18,,INSUFFICIENT_DATA
Eire,2009-12,581,170,29.26,,INSUFFICIENT_DATA
Eire,2010-01,569,245,43.06,,INSUFFICIENT_DATA
Eire,2010-02,524,181,34.54,,INSUFFICIENT_DATA
Eire,2010-03,733,201,27.42,,INSUFFICIENT_DATA
Eire,2010-04,629,201,31.96,,INSUFFICIENT_DATA
Eire,2010-05,824,219,26.58,,INSUFFICIENT_DATA
Eire,2010-06,653,228,34.92,,INSUFFICIENT_DATA
Eire,2010-07,699,240,34.33,,INSUFFICIENT_DATA
Eire,2010-08,675,205,30.37,,INSUFFICIENT_DATA
Eire,2010-09,973,318,32.68,,INSUFFICIENT_DATA
Eire,2010-10,1467,516,35.17,0.050805,NONCONFORMING
Eire,2010-11,1122,369,32.89,0.062552,NONCONFORMING
Eire,2010-12,376,116,30.85,,INSUFFICIENT_DATA
Eire,2011-01,176,79,44.89,,INSUFFICIENT_DATA
Eire,2011-02,436,138,31.65,,INSUFFICIENT_DATA
Eire,2011-03,568,155,27.29,,INSUFFICIENT_DATA
Eire,2011-04,317,78,24.61,,INSUFFICIENT_DATA
Eire,2011-05,615,208,33.82,,INSUFFICIENT_DATA
Eire,2011-06,638,195,30.56,,INSUFFICIENT_DATA
Eire,2011-07,717,262,36.54,,INSUFFICIENT_DATA
Eire,2011-08,659,206,31.26,,INSUFFICIENT_DATA
Eire,2011-09,1211,385,31.79,0.066803,NONCONFORMING
Eire,2011-10,886,257,29.01,,INSUFFICIENT_DATA
Eire,2011-11,1097,339,30.9,0.063561,NONCONFORMING
Eire,2011-12,339,101,29.79,,INSUFFICIENT_DATA
European Community,2011-04,11,1,9.09,,INSUFFICIENT_DATA
European Community,2011-06,20,5,25.0,,INSUFFICIENT_DATA
European Community,2011-07,30,12,40.0,,INSUFFICIENT_DATA
Finland,2009-12,4,4,100.0,,INSUFFICIENT_DATA
Finland,2010-01,34,8,23.53,,INSUFFICIENT_DATA
Finland,2010-04,76,16,21.05,,INSUFFICIENT_DATA
Finland,2010-05,55,14,25.45,,INSUFFICIENT_DATA
Finland,2010-06,29,10,34.48,,INSUFFICIENT_DATA
Finland,2010-07,25,9,36.0,,INSUFFICIENT_DATA
Finland,2010-09,58,8,13.79,,INSUFFICIENT_DATA
Finland,2010-10,59,17,28.81,,INSUFFICIENT_DATA
Finland,2010-11,19,3,15.79,,INSUFFICIENT_DATA
Finland,2010-12,19,15,78.95,,INSUFFICIENT_DATA
Finland,2011-01,11,9,81.82,,INSUFFICIENT_DATA
Finland,2011-02,13,5,38.46,,INSUFFICIENT_DATA
Finland,2011-03,218,53,24.31,,INSUFFICIENT_DATA
Finland,2011-04,40,15,37.5,,INSUFFICIENT_DATA
Finland,2011-06,13,4,30.77,,INSUFFICIENT_DATA
Finland,2011-07,87,25,28.74,,INSUFFICIENT_DATA
Finland,2011-08,62,13,20.97,,INSUFFICIENT_DATA
Finland,2011-09,34,13,38.24,,INSUFFICIENT_DATA
Finland,2011-10,115,24,20.87,,INSUFFICIENT_DATA
Finland,2011-11,75,28,37.33,,INSUFFICIENT_DATA
Finland,2011-12,13,9,69.23,,INSUFFICIENT_DATA
France,2009-12,287,75,26.13,,INSUFFICIENT_DATA
France,2010-01,332,97,29.22,,INSUFFICIENT_DATA
France,2010-02,408,105,25.74,,INSUFFICIENT_DATA
France,2010-03,383,102,26.63,,INSUFFICIENT_DATA
France,2010-04,250,65,26.0,,INSUFFICIENT_DATA
France,2010-05,429,147,34.27,,INSUFFICIENT_DATA
France,2010-06,445,103,23.15,,INSUFFICIENT_DATA
France,2010-07,355,85,23.94,,INSUFFICIENT_DATA
France,2010-08,217,83,38.25,,INSUFFICIENT_DATA
France,2010-09,557,147,26.39,,INSUFFICIENT_DATA
France,2010-10,683,162,23.72,,INSUFFICIENT_DATA
France,2010-11,993,229,23.06,,INSUFFICIENT_DATA
France,2010-12,441,123,27.89,,INSUFFICIENT_DATA
France,2011-01,675,193,28.59,,INSUFFICIENT_DATA
France,2011-02,422,96,22.75,,INSUFFICIENT_DATA
France,2011-03,551,154,27.95,,INSUFFICIENT_DATA
France,2011-04,227,56,24.67,,INSUFFICIENT_DATA
France,2011-05,736,214,29.08,,INSUFFICIENT_DATA
France,2011-06,599,183,30.55,,INSUFFICIENT_DATA
France,2011-07,451,122,27.05,,INSUFFICIENT_DATA
France,2011-08,576,164,28.47,,INSUFFICIENT_DATA
France,2011-09,1061,318,29.97,0.057306,NONCONFORMING
France,2011-10,904,276,30.53,,INSUFFICIENT_DATA
France,2011-11,1567,437,27.89,0.045219,NONCONFORMING
France,2011-12,332,100,30.12,,INSUFFICIENT_DATA
Germany,2009-12,387,135,34.88,,INSUFFICIENT_DATA
Germany,2010-01,570,157,27.54,,INSUFFICIENT_DATA
Germany,2010-02,464,121,26.08,,INSUFFICIENT_DATA
Germany,2010-03,595,204,34.29,,INSUFFICIENT_DATA
Germany,2010-04,774,245,31.65,,INSUFFICIENT_DATA
Germany,2010-05,356,98,27.53,,INSUFFICIENT_DATA
Germany,2010-06,604,183,30.3,,INSUFFICIENT_DATA
Germany,2010-07,850,218,25.65,,INSUFFICIENT_DATA
Germany,2010-08,419,125,29.83,,INSUFFICIENT_DATA
Germany,2010-09,698,223,31.95,,INSUFFICIENT_DATA
Germany,2010-10,853,224,26.26,,INSUFFICIENT_DATA
Germany,2010-11,955,373,39.06,,INSUFFICIENT_DATA
Germany,2010-12,525,186,35.43,,INSUFFICIENT_DATA
Germany,2011-01,798,219,27.44,,INSUFFICIENT_DATA
Germany,2011-02,305,103,33.77,,INSUFFICIENT_DATA
Germany,2011-03,586,169,28.84,,INSUFFICIENT_DATA
Germany,2011-04,445,149,33.48,,INSUFFICIENT_DATA
Germany,2011-05,782,250,31.97,,INSUFFICIENT_DATA
Germany,2011-06,665,194,29.17,,INSUFFICIENT_DATA
Germany,2011-07,761,204,26.81,,INSUFFICIENT_DATA
Germany,2011-08,811,211,26.02,,INSUFFICIENT_DATA
Germany,2011-09,782,218,27.88,,INSUFFICIENT_DATA
Germany,2011-10,1321,404,30.58,0.06129,NONCONFORMING
Germany,2011-11,1107,364,32.88,0.052112,NONCONFORMING
Germany,2011-12,323,104,32.2,,INSUFFICIENT_DATA
Greece,2009-12,41,9,21.95,,INSUFFICIENT_DATA
Greece,2010-01,101,37,36.63,,INSUFFICIENT_DATA
Greece,2010-03,23,4,17.39,,INSUFFICIENT_DATA
Greece,2010-04,16,2,12.5,,INSUFFICIENT_DATA
Greece,2010-05,53,27,50.94,,INSUFFICIENT_DATA
Greece,2010-06,9,2,22.22,,INSUFFICIENT_DATA
Greece,2010-08,33,7,21.21,,INSUFFICIENT_DATA
Greece,2010-09,9,9,100.0,,INSUFFICIENT_DATA
Greece,2010-10,191,47,24.61,,INSUFFICIENT_DATA
Greece,2010-11,38,8,21.05,,INSUFFICIENT_DATA
Greece,2011-01,33,28,84.85,,INSUFFICIENT_DATA
Greece,2011-03,22,5,22.73,,INSUFFICIENT_DATA
Greece,2011-04,31,13,41.94,,INSUFFICIENT_DATA
Greece,2011-07,27,8,29.63,,INSUFFICIENT_DATA
Greece,2011-12,36,8,22.22,,INSUFFICIENT_DATA
Hong Kong,2010-04,48,16,33.33,,INSUFFICIENT_DATA
Hong Kong,2010-05,1,1,100.0,,INSUFFICIENT_DATA
Hong Kong,2010-06,24,14,58.33,,INSUFFICIENT_DATA
Hong Kong,2010-08,1,1,100.0,,INSUFFICIENT_DATA
Hong Kong,2011-01,55,39,70.91,,INSUFFICIENT_DATA
Hong Kong,2011-03,1,1,100.0,,INSUFFICIENT_DATA
Hong Kong,2011-04,32,19,59.38,,INSUFFICIENT_DATA
Hong Kong,2011-05,93,16,17.2,,INSUFFICIENT_DATA
Hong Kong,2011-06,16,9,56.25,,INSUFFICIENT_DATA
Hong Kong,2011-08,50,30,60.0,,INSUFFICIENT_DATA
Hong Kong,2011-09,1,1,100.0,,INSUFFICIENT_DATA
Hong Kong,2011-10,34,14,41.18,,INSUFFICIENT_DATA
Hong Kong,2011-11,1,0,0.0,,INSUFFICIENT_DATA
Iceland,2010-10,42,3,7.14,,INSUFFICIENT_DATA
Iceland,2010-12,31,17,54.84,,INSUFFICIENT_DATA
Iceland,2011-01,29,8,27.59,,INSUFFICIENT_DATA
Iceland,2011-04,24,11,45.83,,INSUFFICIENT_DATA
Iceland,2011-06,19,9,47.37,,INSUFFICIENT_DATA
Iceland,2011-08,22,9,40.91,,INSUFFICIENT_DATA
Iceland,2011-10,50,21,42.0,,INSUFFICIENT_DATA
Iceland,2011-12,12,3,25.0,,INSUFFICIENT_DATA
Israel,2010-07,45,19,42.22,,INSUFFICIENT_DATA
Israel,2010-11,32,11,34.38,,INSUFFICIENT_DATA
Israel,2011-01,14,4,28.57,,INSUFFICIENT_DATA
Israel,2011-02,19,9,47.37,,INSUFFICIENT_DATA
Israel,2011-04,6,2,33.33,,INSUFFICIENT_DATA
Israel,2011-07,28,18,64.29,,INSUFFICIENT_DATA
Israel,2011-08,172,59,34.3,,INSUFFICIENT_DATA
Israel,2011-09,29,7,24.14,,INSUFFICIENT_DATA
Israel,2011-10,32,2,6.25,,INSUFFICIENT_DATA
Italy,2009-12,19,3,15.79,,INSUFFICIENT_DATA
Italy,2010-01,1,0,0.0,,INSUFFICIENT_DATA
Italy,2010-03,46,14,30.43,,INSUFFICIENT_DATA
Italy,2010-04,65,14,21.54,,INSUFFICIENT_DATA
Italy,2010-05,161,22,13.66,,INSUFFICIENT_DATA
Italy,2010-06,16,2,12.5,,INSUFFICIENT_DATA
Italy,2010-09,49,21,42.86,,INSUFFICIENT_DATA
Italy,2010-10,247,59,23.89,,INSUFFICIENT_DATA
Italy,2010-11,95,26,27.37,,INSUFFICIENT_DATA
Italy,2010-12,40,15,37.5,,INSUFFICIENT_DATA
Italy,2011-01,109,26,23.85,,INSUFFICIENT_DATA
Italy,2011-02,13,4,30.77,,INSUFFICIENT_DATA
Italy,2011-03,84,18,21.43,,INSUFFICIENT_DATA
Italy,2011-04,22,11,50.0,,INSUFFICIENT_DATA
Italy,2011-05,23,11,47.83,,INSUFFICIENT_DATA
Italy,2011-06,10,2,20.0,,INSUFFICIENT_DATA
Italy,2011-07,6,3,50.0,,INSUFFICIENT_DATA
Italy,2011-08,96,31,32.29,,INSUFFICIENT_DATA
Italy,2011-09,15,3,20.0,,INSUFFICIENT_DATA
Italy,2011-10,164,48,29.27,,INSUFFICIENT_DATA
Italy,2011-11,178,45,25.28,,INSUFFICIENT_DATA
Italy,2011-12,9,4,44.44,,INSUFFICIENT_DATA
Japan,2010-01,1,0,0.0,,INSUFFICIENT_DATA
Japan,2010-02,30,1,3.33,,INSUFFICIENT_DATA
Japan,2010-03,4,0,0.0,,INSUFFICIENT_DATA
Japan,2010-06,38,9,23.68,,INSUFFICIENT_DATA
Japan,2010-07,33,19,57.58,,INSUFFICIENT_DATA
Japan,2010-09,16,9,56.25,,INSUFFICIENT_DATA
Japan,2010-10,25,7,28.0,,INSUFFICIENT_DATA
Japan,2010-11,3,0,0.0,,INSUFFICIENT_DATA
Japan,2010-12,65,40,61.54,,INSUFFICIENT_DATA
Japan,2011-02,86,34,39.53,,INSUFFICIENT_DATA
Japan,2011-03,16,0,0.0,,INSUFFICIENT_DATA
Japan,2011-04,47,37,78.72,,INSUFFICIENT_DATA
Japan,2011-05,13,11,84.62,,INSUFFICIENT_DATA
Japan,2011-06,6,5,83.33,,INSUFFICIENT_DATA
Japan,2011-07,40,25,62.5,,INSUFFICIENT_DATA
Japan,2011-09,4,1,25.0,,INSUFFICIENT_DATA
Japan,2011-10,16,5,31.25,,INSUFFICIENT_DATA
Japan,2011-11,35,27,77.14,,INSUFFICIENT_DATA
Korea,2010-09,10,2,20.0,,INSUFFICIENT_DATA
Korea,2010-11,44,7,15.91,,INSUFFICIENT_DATA
Lebanon,2010-09,12,0,0.0,,INSUFFICIENT_DATA
Lebanon,2011-01,46,20,43.48,,INSUFFICIENT_DATA
Lithuania,2010-07,79,20,25.32,,INSUFFICIENT_DATA
Lithuania,2010-11,43,21,48.84,,INSUFFICIENT_DATA
Lithuania,2010-12,36,22,61.11,,INSUFFICIENT_DATA
Malta,2010-02,48,9,18.75,,INSUFFICIENT_DATA
Malta,2010-08,128,29,22.66,,INSUFFICIENT_DATA
Malta,2011-06,45,14,31.11,,INSUFFICIENT_DATA
Malta,2011-08,57,14,24.56,,INSUFFICIENT_DATA
Malta,2011-11,13,4,30.77,,INSUFFICIENT_DATA
Netherlands,2009-12,162,76,46.91,,INSUFFICIENT_DATA
Netherlands,2010-01,152,94,61.84,,INSUFFICIENT_DATA
Netherlands,2010-02,100,57,57.0,,INSUFFICIENT_DATA
Netherlands,2010-03,188,110,58.51,,INSUFFICIENT_DATA
Netherlands,2010-04,186,73,39.25,,INSUFFICIENT_DATA
Netherlands,2010-05,291,152,52.23,,INSUFFICIENT_DATA
Netherlands,2010-06,216,101,46.76,,INSUFFICIENT_DATA
Netherlands,2010-07,180,52,28.89,,INSUFFICIENT_DATA
Netherlands,2010-08,271,130,47.97,,INSUFFICIENT_DATA
Netherlands,2010-09,407,204,50.12,,INSUFFICIENT_DATA
Netherlands,2010-10,167,87,52.1,,INSUFFICIENT_DATA
Netherlands,2010-11,464,194,41.81,,INSUFFICIENT_DATA
Netherlands,2010-12,75,51,68.0,,INSUFFICIENT_DATA
Netherlands,2011-01,232,151,65.09,,INSUFFICIENT_DATA
Netherlands,2011-02,189,119,62.96,,INSUFFICIENT_DATA
Netherlands,2011-03,193,112,58.03,,INSUFFICIENT_DATA
Netherlands,2011-04,24,14,58.33,,INSUFFICIENT_DATA
Netherlands,2011-05,220,145,65.91,,INSUFFICIENT_DATA
Netherlands,2011-06,330,160,48.48,,INSUFFICIENT_DATA
Netherlands,2011-07,10,1,10.0,,INSUFFICIENT_DATA
Netherlands,2011-08,283,192,67.84,,INSUFFICIENT_DATA
Netherlands,2011-09,251,177,70.52,,INSUFFICIENT_DATA
Netherlands,2011-10,284,159,55.99,,INSUFFICIENT_DATA
Netherlands,2011-11,230,123,53.48,,INSUFFICIENT_DATA
Netherlands,2011-12,88,64,72.73,,INSUFFICIENT_DATA
Nigeria,2010-01,1,0,0.0,,INSUFFICIENT_DATA
Nigeria,2010-08,29,3,10.34,,INSUFFICIENT_DATA
Norway,2009-12,21,8,38.1,,INSUFFICIENT_DATA
Norway,2010-03,2,2,100.0,,INSUFFICIENT_DATA
Norway,2010-08,8,1,12.5,,INSUFFICIENT_DATA
Norway,2010-09,53,13,24.53,,INSUFFICIENT_DATA
Norway,2010-11,140,51,36.43,,INSUFFICIENT_DATA
Norway,2010-12,148,46,31.08,,INSUFFICIENT_DATA
Norway,2011-02,33,8,24.24,,INSUFFICIENT_DATA
Norway,2011-03,23,8,34.78,,INSUFFICIENT_DATA
Norway,2011-06,166,81,48.8,,INSUFFICIENT_DATA
Norway,2011-07,49,11,22.45,,INSUFFICIENT_DATA
Norway,2011-08,78,20,25.64,,INSUFFICIENT_DATA
Norway,2011-09,208,101,48.56,,INSUFFICIENT_DATA
Norway,2011-10,120,36,30.0,,INSUFFICIENT_DATA
Norway,2011-11,185,86,46.49,,INSUFFICIENT_DATA
Norway,2011-12,75,39,52.0,,INSUFFICIENT_DATA
Poland,2009-12,22,6,27.27,,INSUFFICIENT_DATA
Poland,2010-03,15,3,20.0,,INSUFFICIENT_DATA
Poland,2010-06,25,5,20.0,,INSUFFICIENT_DATA
Poland,2010-07,21,3,14.29,,INSUFFICIENT_DATA
Poland,2010-08,22,9,40.91,,INSUFFICIENT_DATA
Poland,2010-09,18,8,44.44,,INSUFFICIENT_DATA
Poland,2010-11,52,9,17.31,,INSUFFICIENT_DATA
Poland,2010-12,8,3,37.5,,INSUFFICIENT_DATA
Poland,2011-01,25,12,48.0,,INSUFFICIENT_DATA
Poland,2011-02,29,11,37.93,,INSUFFICIENT_DATA
Poland,2011-03,9,4,44.44,,INSUFFICIENT_DATA
Poland,2011-04,26,4,15.38,,INSUFFICIENT_DATA
Poland,2011-05,72,22,30.56,,INSUFFICIENT_DATA
Poland,2011-06,16,3,18.75,,INSUFFICIENT_DATA
Poland,2011-07,34,3,8.82,,INSUFFICIENT_DATA
Poland,2011-08,17,7,41.18,,INSUFFICIENT_DATA
Poland,2011-09,30,9,30.0,,INSUFFICIENT_DATA
Poland,2011-11,73,20,27.4,,INSUFFICIENT_DATA
Portugal,2009-12,102,34,33.33,,INSUFFICIENT_DATA
Portugal,2010-01,1,0,0.0,,INSUFFICIENT_DATA
Portugal,2010-02,28,8,28.57,,INSUFFICIENT_DATA
Portugal,2010-03,98,30,30.61,,INSUFFICIENT_DATA
Portugal,2010-04,2,1,50.0,,INSUFFICIENT_DATA
Portugal,2010-05,28,7,25.0,,INSUFFICIENT_DATA
Portugal,2010-06,155,35,22.58,,INSUFFICIENT_DATA
Portugal,2010-07,16,2,12.5,,INSUFFICIENT_DATA
Portugal,2010-08,25,8,32.0,,INSUFFICIENT_DATA
Portugal,2010-09,157,38,24.2,,INSUFFICIENT_DATA
Portugal,2010-10,162,24,14.81,,INSUFFICIENT_DATA
Portugal,2010-11,222,52,23.42,,INSUFFICIENT_DATA
Portugal,2010-12,116,34,29.31,,INSUFFICIENT_DATA
Portugal,2011-01,120,50,41.67,,INSUFFICIENT_DATA
Portugal,2011-02,57,14,24.56,,INSUFFICIENT_DATA
Portugal,2011-03,115,50,43.48,,INSUFFICIENT_DATA
Portugal,2011-04,78,21,26.92,,INSUFFICIENT_DATA
Portugal,2011-05,82,8,9.76,,INSUFFICIENT_DATA
Portugal,2011-06,48,9,18.75,,INSUFFICIENT_DATA
Portugal,2011-07,89,37,41.57,,INSUFFICIENT_DATA
Portugal,2011-08,43,30,69.77,,INSUFFICIENT_DATA
Portugal,2011-09,75,13,17.33,,INSUFFICIENT_DATA
Portugal,2011-10,437,85,19.45,,INSUFFICIENT_DATA
Portugal,2011-11,145,38,26.21,,INSUFFICIENT_DATA
Portugal,2011-12,104,30,28.85,,INSUFFICIENT_DATA
RSA,2010-02,65,17,26.15,,INSUFFICIENT_DATA
RSA,2010-10,45,14,31.11,,INSUFFICIENT_DATA
RSA,2010-11,1,1,100.0,,INSUFFICIENT_DATA
RSA,2011-10,59,11,18.64,,INSUFFICIENT_DATA
Saudi Arabia,2011-02,9,0,0.0,,INSUFFICIENT_DATA
Singapore,2010-04,38,24,63.16,,INSUFFICIENT_DATA
Singapore,2010-09,85,27,31.76,,INSUFFICIENT_DATA
Singapore,2011-01,62,30,48.39,,INSUFFICIENT_DATA
Singapore,2011-04,58,32,55.17,,INSUFFICIENT_DATA
Singapore,2011-07,75,46,61.33,,INSUFFICIENT_DATA
Singapore,2011-10,34,16,47.06,,INSUFFICIENT_DATA
Spain,2009-12,236,62,26.27,,INSUFFICIENT_DATA
Spain,2010-01,126,47,37.3,,INSUFFICIENT_DATA
Spain,2010-02,28,15,53.57,,INSUFFICIENT_DATA
Spain,2010-03,89,19,21.35,,INSUFFICIENT_DATA
Spain,2010-04,31,10,32.26,,INSUFFICIENT_DATA
Spain,2010-05,75,28,37.33,,INSUFFICIENT_DATA
Spain,2010-06,25,12,48.0,,INSUFFICIENT_DATA
Spain,2010-07,71,16,22.54,,INSUFFICIENT_DATA
Spain,2010-08,58,17,29.31,,INSUFFICIENT_DATA
Spain,2010-09,171,56,32.75,,INSUFFICIENT_DATA
Spain,2010-10,207,66,31.88,,INSUFFICIENT_DATA
Spain,2010-11,82,39,47.56,,INSUFFICIENT_DATA
Spain,2010-12,76,13,17.11,,INSUFFICIENT_DATA
Spain,2011-01,395,88,22.28,,INSUFFICIENT_DATA
Spain,2011-02,102,33,32.35,,INSUFFICIENT_DATA
Spain,2011-03,205,64,31.22,,INSUFFICIENT_DATA
Spain,2011-04,97,15,15.46,,INSUFFICIENT_DATA
Spain,2011-05,107,34,31.78,,INSUFFICIENT_DATA
Spain,2011-06,183,34,18.58,,INSUFFICIENT_DATA
Spain,2011-07,181,59,32.6,,INSUFFICIENT_DATA
Spain,2011-08,250,37,14.8,,INSUFFICIENT_DATA
Spain,2011-09,248,53,21.37,,INSUFFICIENT_DATA
Spain,2011-10,311,72,23.15,,INSUFFICIENT_DATA
Spain,2011-11,310,81,26.13,,INSUFFICIENT_DATA
Spain,2011-12,67,5,7.46,,INSUFFICIENT_DATA
Sweden,2009-12,2,1,50.0,,INSUFFICIENT_DATA
Sweden,2010-01,20,11,55.0,,INSUFFICIENT_DATA
Sweden,2010-02,85,50,58.82,,INSUFFICIENT_DATA
Sweden,2010-03,71,19,26.76,,INSUFFICIENT_DATA
Sweden,2010-04,142,103,72.54,,INSUFFICIENT_DATA
Sweden,2010-05,31,25,80.65,,INSUFFICIENT_DATA
Sweden,2010-06,40,9,22.5,,INSUFFICIENT_DATA
Sweden,2010-07,63,17,26.98,,INSUFFICIENT_DATA
Sweden,2010-08,152,24,15.79,,INSUFFICIENT_DATA
Sweden,2010-09,34,23,67.65,,INSUFFICIENT_DATA
Sweden,2010-10,205,53,25.85,,INSUFFICIENT_DATA
Sweden,2010-11,57,22,38.6,,INSUFFICIENT_DATA
Sweden,2010-12,27,18,66.67,,INSUFFICIENT_DATA
Sweden,2011-01,34,22,64.71,,INSUFFICIENT_DATA
Sweden,2011-02,12,5,41.67,,INSUFFICIENT_DATA
Sweden,2011-03,35,25,71.43,,INSUFFICIENT_DATA
Sweden,2011-04,34,11,32.35,,INSUFFICIENT_DATA
Sweden,2011-05,19,14,73.68,,INSUFFICIENT_DATA
Sweden,2011-06,35,10,28.57,,INSUFFICIENT_DATA
Sweden,2011-07,54,32,59.26,,INSUFFICIENT_DATA
Sweden,2011-08,39,8,20.51,,INSUFFICIENT_DATA
Sweden,2011-09,44,27,61.36,,INSUFFICIENT_DATA
Sweden,2011-10,48,29,60.42,,INSUFFICIENT_DATA
Sweden,2011-11,78,18,23.08,,INSUFFICIENT_DATA
Sweden,2011-12,1,1,100.0,,INSUFFICIENT_DATA
Switzerland,2009-12,16,8,50.0,,INSUFFICIENT_DATA
Switzerland,2010-02,21,9,42.86,,INSUFFICIENT_DATA
Switzerland,2010-03,58,12,20.69,,INSUFFICIENT_DATA
Switzerland,2010-04,73,27,36.99,,INSUFFICIENT_DATA
Switzerland,2010-05,251,86,34.26,,INSUFFICIENT_DATA
Switzerland,2010-06,113,27,23.89,,INSUFFICIENT_DATA
Switzerland,2010-07,28,10,35.71,,INSUFFICIENT_DATA
Switzerland,2010-08,80,31,38.75,,INSUFFICIENT_DATA
Switzerland,2010-09,84,30,35.71,,INSUFFICIENT_DATA
Switzerland,2010-10,229,108,47.16,,INSUFFICIENT_DATA
Switzerland,2010-11,232,118,50.86,,INSUFFICIENT_DATA
Switzerland,2010-12,50,20,40.0,,INSUFFICIENT_DATA
Switzerland,2011-01,160,37,23.12,,INSUFFICIENT_DATA
Switzerland,2011-02,102,35,34.31,,INSUFFICIENT_DATA
Switzerland,2011-03,60,21,35.0,,INSUFFICIENT_DATA
Switzerland,2011-04,81,16,19.75,,INSUFFICIENT_DATA
Switzerland,2011-05,157,46,29.3,,INSUFFICIENT_DATA
Switzerland,2011-06,126,66,52.38,,INSUFFICIENT_DATA
Switzerland,2011-07,181,52,28.73,,INSUFFICIENT_DATA
Switzerland,2011-08,271,67,24.72,,INSUFFICIENT_DATA
Switzerland,2011-09,194,68,35.05,,INSUFFICIENT_DATA
Switzerland,2011-10,384,113,29.43,,INSUFFICIENT_DATA
Switzerland,2011-11,231,97,41.99,,INSUFFICIENT_DATA
Thailand,2010-06,10,8,80.0,,INSUFFICIENT_DATA
Thailand,2010-07,67,19,28.36,,INSUFFICIENT_DATA
United Arab Emirates,2009-12,56,6,10.71,,INSUFFICIENT_DATA
United Arab Emirates,2010-02,114,35,30.7,,INSUFFICIENT_DATA
United Arab Emirates,2010-03,67,13,19.4,,INSUFFICIENT_DATA
United Arab Emirates,2010-08,76,22,28.95,,INSUFFICIENT_DATA
United Arab Emirates,2010-09,28,7,25.0,,INSUFFICIENT_DATA
United Arab Emirates,2010-10,12,6,50.0,,INSUFFICIENT_DATA
United Arab Emirates,2010-11,51,18,35.29,,INSUFFICIENT_DATA
United Arab Emirates,2011-02,31,9,29.03,,INSUFFICIENT_DATA
United Arab Emirates,2011-09,38,6,15.79,,INSUFFICIENT_DATA
United Kingdom,2009-12,42155,7358,17.45,0.016236,NONCONFORMING
United Kingdom,2010-01,28811,4757,16.51,0.025219,NONCONFORMING
United Kingdom,2010-02,26798,5074,18.93,0.027907,NONCONFORMING
United Kingdom,2010-03,38132,6661,17.47,0.028521,NONCONFORMING
United Kingdom,2010-04,30944,5819,18.8,0.030127,NONCONFORMING
United Kingdom,2010-05,31564,6336,20.07,0.029214,NONCONFORMING
United Kingdom,2010-06,36494,6707,18.38,0.029324,NONCONFORMING
United Kingdom,2010-07,30036,5420,18.05,0.031302,NONCONFORMING
United Kingdom,2010-08,30358,5876,19.36,0.029882,NONCONFORMING
United Kingdom,2010-09,37335,7392,19.8,0.031373,NONCONFORMING
United Kingdom,2010-10,53100,10258,19.32,0.0296,NONCONFORMING
United Kingdom,2010-11,71235,13192,18.52,0.021108,NONCONFORMING
United Kingdom,2010-12,39616,6460,16.31,0.018474,NONCONFORMING
United Kingdom,2011-01,31534,4391,13.92,0.016046,NONCONFORMING
United Kingdom,2011-02,25155,4273,16.99,0.026569,NONCONFORMING
United Kingdom,2011-03,33100,5619,16.98,0.026729,NONCONFORMING
United Kingdom,2011-04,27816,4620,16.61,0.027244,NONCONFORMING
United Kingdom,2011-05,33422,5899,17.65,0.025859,NONCONFORMING
United Kingdom,2011-06,32862,5194,15.81,0.020819,NONCONFORMING
United Kingdom,2011-07,35698,5421,15.19,0.021264,NONCONFORMING
United Kingdom,2011-08,30904,5656,18.3,0.022035,NONCONFORMING
United Kingdom,2011-09,45229,8380,18.53,0.022592,NONCONFORMING
United Kingdom,2011-10,53701,9910,18.45,0.020312,NONCONFORMING
United Kingdom,2011-11,77675,13385,17.23,0.018695,NONCONFORMING
United Kingdom,2011-12,23714,3868,16.31,0.018555,NONCONFORMING
Unspecified,2010-01,64,15,23.44,,INSUFFICIENT_DATA
Unspecified,2010-04,14,2,14.29,,INSUFFICIENT_DATA
Unspecified,2010-07,70,42,60.0,,INSUFFICIENT_DATA
Unspecified,2010-09,110,29,26.36,,INSUFFICIENT_DATA
Unspecified,2010-11,51,1,1.96,,INSUFFICIENT_DATA
Unspecified,2011-04,16,4,25.0,,INSUFFICIENT_DATA
Unspecified,2011-05,60,13,21.67,,INSUFFICIENT_DATA
Unspecified,2011-06,9,3,33.33,,INSUFFICIENT_DATA
Unspecified,2011-07,225,27,12.0,,INSUFFICIENT_DATA
Unspecified,2011-08,23,2,8.7,,INSUFFICIENT_DATA
Unspecified,2011-09,65,11,16.92,,INSUFFICIENT_DATA
Unspecified,2011-11,54,13,24.07,,INSUFFICIENT_DATA
Usa,2009-12,1,1,100.0,,INSUFFICIENT_DATA
Usa,2010-01,112,40,35.71,,INSUFFICIENT_DATA
Usa,2010-05,15,1,6.67,,INSUFFICIENT_DATA
Usa,2010-06,38,13,34.21,,INSUFFICIENT_DATA
Usa,2010-07,25,6,24.0,,INSUFFICIENT_DATA
Usa,2010-10,9,1,11.11,,INSUFFICIENT_DATA
Usa,2010-11,39,5,12.82,,INSUFFICIENT_DATA
Usa,2011-04,22,2,9.09,,INSUFFICIENT_DATA
Usa,2011-10,126,32,25.4,,INSUFFICIENT_DATA
Usa,2011-12,32,11,34.38,,INSUFFICIENT_DATA
West Indies,2010-08,54,11,20.37,,INSUFFICIENT_DATA
